tx_hash,datetime_utc,direction,matched_counterparty,value_bnb,usd_at_tx_time,usd_at_today_rate,from_addr,to_addr
0x4d37e1683339decfaf750249331ff0bcb33d740712b2415fa08a6d162bbe749c,2025-04-06 23:52:04,you_to_set,0xb6934215b856b03430fc8dc058bd1c668b6a3182,0.021567571,14.00,14.21,0x128c33c16ee6d337154d0996220a791d89aa0442,0xb6934215b856b03430fc8dc058bd1c668b6a3182
0xdbfedff79c761492eb5fd8edb12fc9d888fbc283057405a8fc1f5044597282cd,2023-07-09 13:19:20,you_to_set,0xb6934215b856b03430fc8dc058bd1c668b6a3182,0.025,16.23,16.47,0x128c33c16ee6d337154d0996220a791d89aa0442,0xb6934215b856b03430fc8dc058bd1c668b6a3182
0xaa329068dd1fd4d7fb542d5d8f760b67e99bc4bf21c668f7ee497321d5455a5b,2023-07-06 12:00:57,you_to_set,0xb6934215b856b03430fc8dc058bd1c668b6a3182,0.75,486.85,494.11,0x128c33c16ee6d337154d0996220a791d89aa0442,0xb6934215b856b03430fc8dc058bd1c668b6a3182
0xdd6f882284e5f2ef2bf763b33f881cd02d14640482dbc5a01bfb0e6c20311cc3,2023-06-29 16:03:50,you_to_set,0xb6934215b856b03430fc8dc058bd1c668b6a3182,0.5,324.57,329.40,0x128c33c16ee6d337154d0996220a791d89aa0442,0xb6934215b856b03430fc8dc058bd1c668b6a3182
0x21c9d72153e1b0e9d7d38c0fa0aaaa3d5f2f1100245c90fe31ede170121cdc05,2023-06-04 14:22:30,you_to_set,0xb6934215b856b03430fc8dc058bd1c668b6a3182,0.17,110.35,112.00,0x128c33c16ee6d337154d0996220a791d89aa0442,0xb6934215b856b03430fc8dc058bd1c668b6a3182
0x4b3fe5b8a3a83a5832ad69991ec1ad4a22ecf836c540664fb8734443094a7d51,2023-06-01 11:36:16,you_to_set,0xb6934215b856b03430fc8dc058bd1c668b6a3182,0.04,25.97,26.35,0x128c33c16ee6d337154d0996220a791d89aa0442,0xb6934215b856b03430fc8dc058bd1c668b6a3182
0x995ec1a96d69014c381cb995c98c3f8194aaee8a8e657fe2bf1be68a226d14cf,2023-05-28 22:12:44,you_to_set,0xb6934215b856b03430fc8dc058bd1c668b6a3182,1,649.14,658.81,0x128c33c16ee6d337154d0996220a791d89aa0442,0xb6934215b856b03430fc8dc058bd1c668b6a3182
0xe8fd9c9c460b7e1e8dec88781e23229982fa2a5e0b879deb65283bfe464385a4,2023-05-26 5:01:39,you_to_set,0xb6934215b856b03430fc8dc058bd1c668b6a3182,0.18,116.85,118.59,0x128c33c16ee6d337154d0996220a791d89aa0442,0xb6934215b856b03430fc8dc058bd1c668b6a3182
0x4b8aae51d2f6504360668c4380f822ad3b385027ec65f5c4a29c310b2707ae39,2023-05-03 19:49:48,you_to_set,0xb6934215b856b03430fc8dc058bd1c668b6a3182,0.04506431,29.25,29.69,0x128c33c16ee6d337154d0996220a791d89aa0442,0xb6934215b856b03430fc8dc058bd1c668b6a3182
0xe9311bdab1277b1e7b014bbea6489f1cf05709a7a7547f2a9859ef198ed697ad,2023-04-17 22:00:20,you_to_set,0xb6934215b856b03430fc8dc058bd1c668b6a3182,3.17675588,2062.16,2092.88,0x128c33c16ee6d337154d0996220a791d89aa0442,0xb6934215b856b03430fc8dc058bd1c668b6a3182
0x0640ceaf901c0e62fa3a632b0bc7b8e04e617dd92769b4694f7486cb42e23b66,2023-04-17 14:13:15,you_to_set,0xb6934215b856b03430fc8dc058bd1c668b6a3182,1.5,973.71,988.21,0x128c33c16ee6d337154d0996220a791d89aa0442,0xb6934215b856b03430fc8dc058bd1c668b6a3182
0x1ca45bb993bcc131c699c7acbd21c87a97976fb65267f8291ea90a5235ec8ea4,2023-04-15 0:44:02,you_to_set,0xb6934215b856b03430fc8dc058bd1c668b6a3182,0.1,64.91,65.88,0x128c33c16ee6d337154d0996220a791d89aa0442,0xb6934215b856b03430fc8dc058bd1c668b6a3182
0x00380e542d6b63fda79a774b3d9c755fd4f1dad55315ac223a8e9d97a537af8d,2023-04-14 21:03:30,you_to_set,0xb6934215b856b03430fc8dc058bd1c668b6a3182,0.2,129.83,131.76,0x128c33c16ee6d337154d0996220a791d89aa0442,0xb6934215b856b03430fc8dc058bd1c668b6a3182
0xb2b4206626a1ab878fac70374efb3c36b27109368c3ff358e65fff3aac1fdd32,2023-04-13 23:35:57,you_to_set,0xb6934215b856b03430fc8dc058bd1c668b6a3182,0.6,389.48,395.29,0x128c33c16ee6d337154d0996220a791d89aa0442,0xb6934215b856b03430fc8dc058bd1c668b6a3182
0xe0a8e1e1599d2baafd6afd207a05802ae21f32373aff5858294978a99b68bef7,2023-04-13 19:20:18,you_to_set,0xb6934215b856b03430fc8dc058bd1c668b6a3182,0.13,84.39,85.65,0x128c33c16ee6d337154d0996220a791d89aa0442,0xb6934215b856b03430fc8dc058bd1c668b6a3182
0x8045e7c4364d032469c1cd323a27bd22109b91fb2440f17efe0e3fc552c512d8,2023-04-12 7:47:11,you_to_set,0xb6934215b856b03430fc8dc058bd1c668b6a3182,0.04,25.97,26.35,0x128c33c16ee6d337154d0996220a791d89aa0442,0xb6934215b856b03430fc8dc058bd1c668b6a3182
0xa919d6af7796adb2777413b6aa55d5866b99d797d01cffb130a57b05cb7a92dd,2023-04-11 21:39:07,you_to_set,0xb6934215b856b03430fc8dc058bd1c668b6a3182,0.13,84.39,85.65,0x128c33c16ee6d337154d0996220a791d89aa0442,0xb6934215b856b03430fc8dc058bd1c668b6a3182
0xee78c1ad3ce589d816864df3eaf39b8c2c7dbc0c0a7834aceb7ca360dca682c1,2023-04-08 14:50:35,you_to_set,0xb6934215b856b03430fc8dc058bd1c668b6a3182,0.2,129.83,131.76,0x128c33c16ee6d337154d0996220a791d89aa0442,0xb6934215b856b03430fc8dc058bd1c668b6a3182
0x8074c398259ca3493dfbc21bd8060bc32590099731b08c26ef2c827e205efd7b,2023-04-08 7:58:37,you_to_set,0xb6934215b856b03430fc8dc058bd1c668b6a3182,0.4,259.66,263.52,0x128c33c16ee6d337154d0996220a791d89aa0442,0xb6934215b856b03430fc8dc058bd1c668b6a3182
0xf3641f3bf97acc645892265f505293b6cb2d8d396a5ea1e7a0f4e1c234d2b9f7,2023-03-12 2:52:25,you_to_set,0xb6934215b856b03430fc8dc058bd1c668b6a3182,0.89,577.73,586.34,0x128c33c16ee6d337154d0996220a791d89aa0442,0xb6934215b856b03430fc8dc058bd1c668b6a3182
0x76f98b97347ecb06d727ad65ced5a15bd7e352da1edb9db6782f22f683a52856,2023-02-22 7:52:31,you_to_set,0xb6934215b856b03430fc8dc058bd1c668b6a3182,0.2,129.83,131.76,0x128c33c16ee6d337154d0996220a791d89aa0442,0xb6934215b856b03430fc8dc058bd1c668b6a3182
0xa2764f39156234bfc7b02c8495ba4dad0b3075f3893c776c00eafb0fde89f310,2023-01-05 10:29:38,you_to_set,0xb6934215b856b03430fc8dc058bd1c668b6a3182,0.65,421.94,428.23,0x128c33c16ee6d337154d0996220a791d89aa0442,0xb6934215b856b03430fc8dc058bd1c668b6a3182
0x58925d9b3d737c8dc5ddedb1e43eac0c0dd1d28c9f8990991aeca6fbfb6a3d29,2022-12-21 18:23:57,you_to_set,0xb6934215b856b03430fc8dc058bd1c668b6a3182,0.06,38.95,39.53,0x128c33c16ee6d337154d0996220a791d89aa0442,0xb6934215b856b03430fc8dc058bd1c668b6a3182
0xd6ee400dfe7849a158fd01024b65d13d6d0734bd81f973df2c55dbcc53e2c48c,2022-12-21 17:46:50,you_to_set,0xb6934215b856b03430fc8dc058bd1c668b6a3182,1.63089684,1058.68,1074.45,0x128c33c16ee6d337154d0996220a791d89aa0442,0xb6934215b856b03430fc8dc058bd1c668b6a3182
0xdfd45324f3a03da05e58dabd008681b0d23c861d4c91dbec0299c6581063e571,2022-12-17 22:08:09,you_to_set,0x8b206a405c11664189cec6673bf5a9b4e0eaf63e,0.02,12.98,13.18,0x128c33c16ee6d337154d0996220a791d89aa0442,0x8b206a405c11664189cec6673bf5a9b4e0eaf63e
0xb1cb3e500034d8eb43c96f3129dcc7cbc30030e30ac32b72e27e3fa0acf194fc,2022-12-10 19:48:00,you_to_set,0xb6934215b856b03430fc8dc058bd1c668b6a3182,0.1,64.91,65.88,0x128c33c16ee6d337154d0996220a791d89aa0442,0xb6934215b856b03430fc8dc058bd1c668b6a3182
0x94638704c78f5a41f8341053a472eb9e5cfd7d43f4030fa5c8863f9623d5f31b,2022-11-12 6:29:28,you_to_set,0xb6934215b856b03430fc8dc058bd1c668b6a3182,3.546,2301.85,2336.14,0x128c33c16ee6d337154d0996220a791d89aa0442,0xb6934215b856b03430fc8dc058bd1c668b6a3182
0xe688d98003d633905cc113a2c6434cebf1782a7b91bcb1028f5e266ee7d91ca5,2022-11-10 9:14:36,you_to_set,0xb6934215b856b03430fc8dc058bd1c668b6a3182,0.8,519.31,527.05,0x128c33c16ee6d337154d0996220a791d89aa0442,0xb6934215b856b03430fc8dc058bd1c668b6a3182
0x88ebbd473624e3f50f1e534c5b68b5b2525e56cdc47a0c5598575c647a2023d0,2022-11-04 18:26:12,you_to_set,0xb6934215b856b03430fc8dc058bd1c668b6a3182,1.61,1045.63,1060.68,0x128c33c16ee6d337154d0996220a791d89aa0442,0xb6934215b856b03430fc8dc058bd1c668b6a3182
0x3f7b561e7f000991029d1ff994e7fc45dc2620254aacde68d209da69bb33b986,2022-10-30 6:39:21,you_to_set,0xb6934215b856b03430fc8dc058bd1c668b6a3182,0.15,97.42,98.82,0x128c33c16ee6d337154d0996220a791d89aa0442,0xb6934215b856b03430fc8dc058bd1c668b6a3182
0x439db4085f800085c6584505f2b6acf32892c5808a2d16d2d7f2ed4505ff1869,2022-10-22 6:45:58,you_to_set,0x8b206a405c11664189cec6673bf5a9b4e0eaf63e,0.004,2.60,2.64,0x128c33c16ee6d337154d0996220a791d89aa0442,0x8b206a405c11664189cec6673bf5a9b4e0eaf63e
0x00168490f1e1365fc52e2733afd34be97a31aa23a9478eaf940137c70bd6bb0e,2022-10-20 17:27:36,set_to_you,0x8b206a405c11664189cec6673bf5a9b4e0eaf63e,0.06,38.97,39.53,0x8b206a405c11664189cec6673bf5a9b4e0eaf63e,0x128c33c16ee6d337154d0996220a791d89aa0442
0xc96a62971e1b2f22d4bfbf82dc45930d844c3208c159434a469aa1148f0d3860,2022-10-20 13:40:55,you_to_set,0xb6934215b856b03430fc8dc058bd1c668b6a3182,0.1,64.95,65.88,0x128c33c16ee6d337154d0996220a791d89aa0442,0xb6934215b856b03430fc8dc058bd1c668b6a3182
0x63b4544ffae8d6b51240387115df0f1f768e3af214a5e505af3eada8620d174d,2022-10-19 19:26:35,set_to_you,0x8b206a405c11664189cec6673bf5a9b4e0eaf63e,0.02,12.99,13.18,0x8b206a405c11664189cec6673bf5a9b4e0eaf63e,0x128c33c16ee6d337154d0996220a791d89aa0442
0xb8a58b0f6da2d67bc8a27945411b61b14bea1f0cf03c64dad9256079ca1e4fdc,2022-10-19 19:24:23,set_to_you,0x8b206a405c11664189cec6673bf5a9b4e0eaf63e,0.19,123.40,125.17,0x8b206a405c11664189cec6673bf5a9b4e0eaf63e,0x128c33c16ee6d337154d0996220a791d89aa0442
0x5e3ec75ef44d5953b7eefebaeaa38680639404e012b14dd0be2c47a2423f7ca0,2022-10-19 18:31:47,you_to_set,0x87c1715176dfd3e3083c68287b339dd0606a56bf,0.13,84.43,85.65,0x128c33c16ee6d337154d0996220a791d89aa0442,0x87c1715176dfd3e3083c68287b339dd0606a56bf
0xadc07e81fe824b33b44475fa709fc2911f2d41be06e82f392248f09b3b88d43d,2022-10-17 21:55:17,you_to_set,0xb6934215b856b03430fc8dc058bd1c668b6a3182,0.12,77.90,79.06,0x128c33c16ee6d337154d0996220a791d89aa0442,0xb6934215b856b03430fc8dc058bd1c668b6a3182
0x151bce9d0c0aef7b44cfd88ce0f8721fa3e5aaca0323d0ca7bbe171f4ece71be,2022-10-17 21:53:08,you_to_set,0xb6934215b856b03430fc8dc058bd1c668b6a3182,0.017,11.04,11.20,0x128c33c16ee6d337154d0996220a791d89aa0442,0xb6934215b856b03430fc8dc058bd1c668b6a3182
0x070b3935a9d8ae0dd8f9cffac26d30cf1227dfed5ed9c153da72f1c6d12d9cc5,2022-10-17 12:21:06,set_to_you,0x87c1715176dfd3e3083c68287b339dd0606a56bf,0.073,47.39,48.09,0x87c1715176dfd3e3083c68287b339dd0606a56bf,0x128c33c16ee6d337154d0996220a791d89aa0442
0x304b9687329fb236bfb3495d728ed4e5bb7829ce6b26197964dc84c7ba76b728,2022-10-12 10:54:01,you_to_set,0xb6934215b856b03430fc8dc058bd1c668b6a3182,0.291,188.90,191.71,0x128c33c16ee6d337154d0996220a791d89aa0442,0xb6934215b856b03430fc8dc058bd1c668b6a3182
0x3b4ffb1459fdea8bd1bd5c14791780027e20fec7ce464cb036ca2fb1640d86d4,2022-10-11 9:52:19,you_to_set,0xb6934215b856b03430fc8dc058bd1c668b6a3182,3.1,2012.33,2042.31,0x128c33c16ee6d337154d0996220a791d89aa0442,0xb6934215b856b03430fc8dc058bd1c668b6a3182
0x076269779661bda52f41a0c7ff215a194d82c9513fc4ebeba158f7c06e84b801,2022-10-09 7:39:10,you_to_set,0xb6934215b856b03430fc8dc058bd1c668b6a3182,0.069,44.79,45.46,0x128c33c16ee6d337154d0996220a791d89aa0442,0xb6934215b856b03430fc8dc058bd1c668b6a3182
0xbe98342438e80d95480eaf56447200988fbd5c918ee5912071694d5cf5232ad3,2022-10-09 7:10:19,you_to_set,0xb6934215b856b03430fc8dc058bd1c668b6a3182,0.001519088,0.99,1.00,0x128c33c16ee6d337154d0996220a791d89aa0442,0xb6934215b856b03430fc8dc058bd1c668b6a3182
0xb37523d048658abff04f7c73aee0e2e37e0ab77cb6f3bf8023ac705cb55e1bbd,2022-10-06 22:10:37,you_to_set,0xb6934215b856b03430fc8dc058bd1c668b6a3182,0.057,37.02,37.55,0x128c33c16ee6d337154d0996220a791d89aa0442,0xb6934215b856b03430fc8dc058bd1c668b6a3182
0x59e872fa8b10b7f228f92ddc9783a25c1b9a7d37a84ef738b7c4c16246de1926,2022-10-06 21:53:24,you_to_set,0xb6934215b856b03430fc8dc058bd1c668b6a3182,0.009,5.85,5.93,0x128c33c16ee6d337154d0996220a791d89aa0442,0xb6934215b856b03430fc8dc058bd1c668b6a3182
0xea96b4c2f05380379e7faede5031f102aa32259ad9d195b966594767942c7001,2022-10-05 23:29:51,you_to_set,0xb6934215b856b03430fc8dc058bd1c668b6a3182,0.062,40.27,40.85,0x128c33c16ee6d337154d0996220a791d89aa0442,0xb6934215b856b03430fc8dc058bd1c668b6a3182
0x1b5cd714bf8567f39722ff03a55977f1bc62b55076d1ba787b4e5720001a82b5,2022-10-05 22:51:57,set_to_you,0x87c1715176dfd3e3083c68287b339dd0606a56bf,0.017,11.04,11.20,0x87c1715176dfd3e3083c68287b339dd0606a56bf,0x128c33c16ee6d337154d0996220a791d89aa0442
0x47f16a63b1128ae81765873bcb84d33b84d39c64da8d266cbdb8fff17c79883d,2022-10-05 12:07:14,you_to_set,0xb6934215b856b03430fc8dc058bd1c668b6a3182,0.276,179.25,181.83,0x128c33c16ee6d337154d0996220a791d89aa0442,0xb6934215b856b03430fc8dc058bd1c668b6a3182
0xd7c4fbd945dba51f1bfad54acd19918951bb037f421dc329ecc9c36dcdce901d,2022-10-05 9:31:13,you_to_set,0xb6934215b856b03430fc8dc058bd1c668b6a3182,0.03,19.48,19.76,0x128c33c16ee6d337154d0996220a791d89aa0442,0xb6934215b856b03430fc8dc058bd1c668b6a3182
0x4ed8e2b7670d7f50268f3640d56357c28b098f6a4db134868965057544e79a79,2022-10-04 21:26:49,you_to_set,0xb6934215b856b03430fc8dc058bd1c668b6a3182,0.038,24.68,25.03,0x128c33c16ee6d337154d0996220a791d89aa0442,0xb6934215b856b03430fc8dc058bd1c668b6a3182
0x5f43a3cc71ca8a92cb78a8c6f369035214f12d154419905ef4ffcc77a3c3f1a4,2022-10-03 23:04:51,you_to_set,0xb6934215b856b03430fc8dc058bd1c668b6a3182,0.081,52.61,53.36,0x128c33c16ee6d337154d0996220a791d89aa0442,0xb6934215b856b03430fc8dc058bd1c668b6a3182
0xf728c29ced41885b28216433f0a3a407df4005cdb4c1316795e1fff56a05ac78,2022-10-03 12:41:40,you_to_set,0xb6934215b856b03430fc8dc058bd1c668b6a3182,0.132,85.73,86.96,0x128c33c16ee6d337154d0996220a791d89aa0442,0xb6934215b856b03430fc8dc058bd1c668b6a3182
0x82d7a0f49594e918ca567edeec07f77b3dce482c4e226ee2ca2db7515ea6927b,2022-10-02 16:21:52,you_to_set,0xb6934215b856b03430fc8dc058bd1c668b6a3182,0.1,64.95,65.88,0x128c33c16ee6d337154d0996220a791d89aa0442,0xb6934215b856b03430fc8dc058bd1c668b6a3182
0xe13764dc574134c08af57dba26649565254e2992ab033f5f0481b22530e028d9,2022-10-02 2:04:59,you_to_set,0xb6934215b856b03430fc8dc058bd1c668b6a3182,0.76,493.59,500.70,0x128c33c16ee6d337154d0996220a791d89aa0442,0xb6934215b856b03430fc8dc058bd1c668b6a3182
0xaef40304c88563beb912d6627fdb59886c156210d5ca0aac0e4920bce95668a4,2022-10-01 15:31:11,you_to_set,0xb6934215b856b03430fc8dc058bd1c668b6a3182,0.01,6.49,6.59,0x128c33c16ee6d337154d0996220a791d89aa0442,0xb6934215b856b03430fc8dc058bd1c668b6a3182
0x4839ac26d2996b8de5cd6626b08a6b086e8a47e5159419ed5885edf7bbc2c342,2022-09-29 16:12:18,you_to_set,0xb6934215b856b03430fc8dc058bd1c668b6a3182,0.051,33.12,33.60,0x128c33c16ee6d337154d0996220a791d89aa0442,0xb6934215b856b03430fc8dc058bd1c668b6a3182
0xf00dbf7c1ef89e71e9da7854ed30848b1e93e2549839b5043976b97c741ce7cc,2022-09-28 21:26:52,you_to_set,0xb6934215b856b03430fc8dc058bd1c668b6a3182,0.68,441.63,447.99,0x128c33c16ee6d337154d0996220a791d89aa0442,0xb6934215b856b03430fc8dc058bd1c668b6a3182
0xbba47595e63002d298ad2ac5258d788b4e985672ad20ea8cbf1e49538a7c5d76,2022-09-28 8:55:41,you_to_set,0xb6934215b856b03430fc8dc058bd1c668b6a3182,0.04,25.98,26.35,0x128c33c16ee6d337154d0996220a791d89aa0442,0xb6934215b856b03430fc8dc058bd1c668b6a3182
0x68008de6d642dd0cc444564f312a50da3cd135781dd64f1ced6c235d2d2f4118,2022-09-27 22:03:46,you_to_set,0xb6934215b856b03430fc8dc058bd1c668b6a3182,0.05,32.47,32.94,0x128c33c16ee6d337154d0996220a791d89aa0442,0xb6934215b856b03430fc8dc058bd1c668b6a3182
0x2987b5e7794075ba236c5879c917c888a3d7921e2d1bb83ee687f7afd97e2ed5,2022-09-27 21:48:28,you_to_set,0xb6934215b856b03430fc8dc058bd1c668b6a3182,0.02,12.99,13.18,0x128c33c16ee6d337154d0996220a791d89aa0442,0xb6934215b856b03430fc8dc058bd1c668b6a3182
0x232a718de1b4e4799a042df8892b710e4265f741ea6f960cbb0bf028c24b12eb,2022-09-26 15:35:07,you_to_set,0xb6934215b856b03430fc8dc058bd1c668b6a3182,0.1,64.95,65.88,0x128c33c16ee6d337154d0996220a791d89aa0442,0xb6934215b856b03430fc8dc058bd1c668b6a3182
0x00a272c2a94fff16994431b823181fc20fce1f1b3ab4501e255749da2f7ab427,2022-09-07 0:42:02,you_to_set,0xb6934215b856b03430fc8dc058bd1c668b6a3182,5.75,3732.55,3788.16,0x128c33c16ee6d337154d0996220a791d89aa0442,0xb6934215b856b03430fc8dc058bd1c668b6a3182
0x02495f33782df0f738cbd3a03f8b1adcf5dfa39640ebe5672801f3bf692b3230,2022-09-06 0:56:52,you_to_set,0x87c1715176dfd3e3083c68287b339dd0606a56bf,0.001,0.65,0.66,0x128c33c16ee6d337154d0996220a791d89aa0442,0x87c1715176dfd3e3083c68287b339dd0606a56bf
0x7a2a8bd17d939552c484ef94f69a518e567b06392a75a9bb43f38f5892e78443,2022-09-06 0:34:40,you_to_set,0x8b206a405c11664189cec6673bf5a9b4e0eaf63e,0.003,1.95,1.98,0x128c33c16ee6d337154d0996220a791d89aa0442,0x8b206a405c11664189cec6673bf5a9b4e0eaf63e
0xde2747905f833b84d82f5c438e5f834fadae0f46879678833d3ac78bf6257fbd,2022-09-05 5:11:26,you_to_set,0xb6934215b856b03430fc8dc058bd1c668b6a3182,0.03,19.47,19.76,0x128c33c16ee6d337154d0996220a791d89aa0442,0xb6934215b856b03430fc8dc058bd1c668b6a3182
0x86c4ccc2ec82c4691745e1c943a592d7de25b81b948b6e08f78abee403983f6b,2022-09-05 5:08:53,you_to_set,0xb6934215b856b03430fc8dc058bd1c668b6a3182,0.075,48.71,49.41,0x128c33c16ee6d337154d0996220a791d89aa0442,0xb6934215b856b03430fc8dc058bd1c668b6a3182
0x300b3e4cdd0282012f9592e2a65888ce1ba1f2dbd66940a5b0eb4f314ad1b108,2022-09-04 2:21:58,you_to_set,0xb6934215b856b03430fc8dc058bd1c668b6a3182,0.174,113.01,114.63,0x128c33c16ee6d337154d0996220a791d89aa0442,0xb6934215b856b03430fc8dc058bd1c668b6a3182
0x7bda7f9e0a93d2d868daa50ddb4a62d71b2b3bc7433c450de640e3808fcca0b3,2022-09-04 2:17:46,you_to_set,0xb6934215b856b03430fc8dc058bd1c668b6a3182,0.27,175.35,177.88,0x128c33c16ee6d337154d0996220a791d89aa0442,0xb6934215b856b03430fc8dc058bd1c668b6a3182
0x5cb314f3a8465c12c90112d3a528b416bc393ef6e70fb2f75e3de0d7cb7820ba,2022-09-01 3:47:37,you_to_set,0xb6934215b856b03430fc8dc058bd1c668b6a3182,0.053,34.42,34.92,0x128c33c16ee6d337154d0996220a791d89aa0442,0xb6934215b856b03430fc8dc058bd1c668b6a3182
0x6e8981429a271da2cc756285f76b68d24614b8478cb122573eccca396bca66e6,2022-08-31 14:33:22,you_to_set,0xb6934215b856b03430fc8dc058bd1c668b6a3182,0.17,110.41,112.00,0x128c33c16ee6d337154d0996220a791d89aa0442,0xb6934215b856b03430fc8dc058bd1c668b6a3182
0x5c2a2ca037536fb4f87684161b2c819ba853277540019951729a99e598daa453,2022-08-30 20:34:12,you_to_set,0xb6934215b856b03430fc8dc058bd1c668b6a3182,0.275,178.60,181.17,0x128c33c16ee6d337154d0996220a791d89aa0442,0xb6934215b856b03430fc8dc058bd1c668b6a3182
0xfee58b79b0ef819c53df1bd67327054ab34dda602beabd6c073a49f0e00b0849,2022-08-30 1:55:24,you_to_set,0xb6934215b856b03430fc8dc058bd1c668b6a3182,0.236,153.27,155.48,0x128c33c16ee6d337154d0996220a791d89aa0442,0xb6934215b856b03430fc8dc058bd1c668b6a3182
0x51c41d066e88820e9efc0a4440b3d32faefaaa51542fe15552abd2b7aa1cc7a8,2022-08-29 20:53:12,you_to_set,0xb6934215b856b03430fc8dc058bd1c668b6a3182,0.013,8.44,8.56,0x128c33c16ee6d337154d0996220a791d89aa0442,0xb6934215b856b03430fc8dc058bd1c668b6a3182
0x812731f321dd1dbabb1836780eed70815236bcf497d205c92dc67b41e834f70c,2022-08-29 20:36:36,you_to_set,0xb6934215b856b03430fc8dc058bd1c668b6a3182,0.03,19.48,19.76,0x128c33c16ee6d337154d0996220a791d89aa0442,0xb6934215b856b03430fc8dc058bd1c668b6a3182
0xce8dbb3762b946bd10206bf8d82a530472461c0198be44a05f13babc6be9b4d2,2022-08-27 20:51:02,you_to_set,0xb6934215b856b03430fc8dc058bd1c668b6a3182,0.003,1.95,1.98,0x128c33c16ee6d337154d0996220a791d89aa0442,0xb6934215b856b03430fc8dc058bd1c668b6a3182
0x4ff204eb21b0e7b284086fc41188131278fee3fcb8ecff2deae5413195d9dff2,2022-08-27 7:52:39,you_to_set,0xb6934215b856b03430fc8dc058bd1c668b6a3182,0.085,55.20,56.00,0x128c33c16ee6d337154d0996220a791d89aa0442,0xb6934215b856b03430fc8dc058bd1c668b6a3182
0xee8286f921049a884a75f49be937fcb3da78cc989144a398304343981be0547f,2022-08-27 7:40:36,you_to_set,0xb6934215b856b03430fc8dc058bd1c668b6a3182,0.004,2.60,2.64,0x128c33c16ee6d337154d0996220a791d89aa0442,0xb6934215b856b03430fc8dc058bd1c668b6a3182
0xb4899793c1b50c05b28280a10bb3150da03668448bc1cf62e97de5240fee4597,2022-08-20 14:50:16,you_to_set,0xb6934215b856b03430fc8dc058bd1c668b6a3182,0.015,9.74,9.88,0x128c33c16ee6d337154d0996220a791d89aa0442,0xb6934215b856b03430fc8dc058bd1c668b6a3182
0x7c5e0d0af7169af5e95351b6504295f39eca8cb4cc91bc425a4417050d2d2aba,2022-08-18 21:51:40,you_to_set,0xb6934215b856b03430fc8dc058bd1c668b6a3182,0.02,12.98,13.18,0x128c33c16ee6d337154d0996220a791d89aa0442,0xb6934215b856b03430fc8dc058bd1c668b6a3182
0xffb47789d8ed1cc2d03e0d564043ac414d681922971b7199650ab23cc6f87aab,2022-08-17 17:42:20,you_to_set,0xb6934215b856b03430fc8dc058bd1c668b6a3182,8.2,5322.94,5402.24,0x128c33c16ee6d337154d0996220a791d89aa0442,0xb6934215b856b03430fc8dc058bd1c668b6a3182
0x4b719de9eab65770581c072802861242f6fcc4374e671b832fe19f6430052d52,2022-08-17 10:20:58,you_to_set,0xb6934215b856b03430fc8dc058bd1c668b6a3182,0.0129,8.37,8.50,0x128c33c16ee6d337154d0996220a791d89aa0442,0xb6934215b856b03430fc8dc058bd1c668b6a3182
0x30cab64c1eb7c279eebd2c44a5c6549b3cbc40105e94b54ab9016b671c440f24,2022-08-14 19:44:04,you_to_set,0xb6934215b856b03430fc8dc058bd1c668b6a3182,0.01,6.49,6.59,0x128c33c16ee6d337154d0996220a791d89aa0442,0xb6934215b856b03430fc8dc058bd1c668b6a3182
0xa7bd8df2450093303e7b05465a66c80a0a3dda149af9c32376af9447a6fcea03,2022-08-07 21:43:34,you_to_set,0xb6934215b856b03430fc8dc058bd1c668b6a3182,0.11,71.44,72.47,0x128c33c16ee6d337154d0996220a791d89aa0442,0xb6934215b856b03430fc8dc058bd1c668b6a3182
0x3ae45ed85c5dd0cb613996caefc9d7bcb629429233a5c8a9d3a416949b4d85d4,2022-08-07 21:32:28,you_to_set,0xb6934215b856b03430fc8dc058bd1c668b6a3182,0.028,18.18,18.45,0x128c33c16ee6d337154d0996220a791d89aa0442,0xb6934215b856b03430fc8dc058bd1c668b6a3182
0x2cf4e746b555c6d7970550dc0b60428a45a00c17cad404900ffb3ea11f6fbe9c,2022-08-04 9:10:47,you_to_set,0xb6934215b856b03430fc8dc058bd1c668b6a3182,0.45002256,292.27,296.48,0x128c33c16ee6d337154d0996220a791d89aa0442,0xb6934215b856b03430fc8dc058bd1c668b6a3182
0x3c867e7aad9aab3fb2e1480e956f940dadf631af413d3afbf7ed36113cbc60db,2022-07-31 3:50:14,you_to_set,0xb6934215b856b03430fc8dc058bd1c668b6a3182,2.09199192,1358.66,1378.23,0x128c33c16ee6d337154d0996220a791d89aa0442,0xb6934215b856b03430fc8dc058bd1c668b6a3182
0x74ba9ddef57219e5625a98ce582aa2e37264b4b128e64dc96e3ba65ac68758e3,2022-07-24 21:06:01,you_to_set,0xb6934215b856b03430fc8dc058bd1c668b6a3182,0.003,1.95,1.98,0x128c33c16ee6d337154d0996220a791d89aa0442,0xb6934215b856b03430fc8dc058bd1c668b6a3182
0x91f662b5c4446b679c5a2195c55ccd0a012f037e624ffb3aea5c6900138518aa,2022-07-19 22:44:53,set_to_you,0x87c1715176dfd3e3083c68287b339dd0606a56bf,0.01,6.49,6.59,0x87c1715176dfd3e3083c68287b339dd0606a56bf,0x128c33c16ee6d337154d0996220a791d89aa0442
0xb559a7b8eabf2749711b7120f90de89fd29b0b164432f05a813c69ceb79ff2d1,2022-07-18 16:06:59,you_to_set,0xb6934215b856b03430fc8dc058bd1c668b6a3182,0.0032,2.08,2.11,0x128c33c16ee6d337154d0996220a791d89aa0442,0xb6934215b856b03430fc8dc058bd1c668b6a3182
0x620d62e4550f1b92d01d2cf6f4f1073df4cce8c1de35ec4ed603cb9cb4fc7ca0,2022-07-18 15:15:41,you_to_set,0xb6934215b856b03430fc8dc058bd1c668b6a3182,0.07,45.46,46.12,0x128c33c16ee6d337154d0996220a791d89aa0442,0xb6934215b856b03430fc8dc058bd1c668b6a3182
0x21ee9f76bfa1eb688a3a8544136af466010e4b11a18cabc1e672903e60954f5e,2022-07-07 13:41:35,you_to_set,0xb6934215b856b03430fc8dc058bd1c668b6a3182,0.07,45.44,46.12,0x128c33c16ee6d337154d0996220a791d89aa0442,0xb6934215b856b03430fc8dc058bd1c668b6a3182
0x83dcf547052b47f1eed5a40403df5423806baaffe0c6cee60c1ea3e5e4c49a9f,2022-07-07 0:19:12,you_to_set,0xb6934215b856b03430fc8dc058bd1c668b6a3182,0.4,259.66,263.52,0x128c33c16ee6d337154d0996220a791d89aa0442,0xb6934215b856b03430fc8dc058bd1c668b6a3182
0xc72a000823853c85227d3f93559f2d3c2d56ba03bccee610218ba136ae1e4f19,2022-07-06 17:51:23,you_to_set,0xb6934215b856b03430fc8dc058bd1c668b6a3182,0.1,64.91,65.88,0x128c33c16ee6d337154d0996220a791d89aa0442,0xb6934215b856b03430fc8dc058bd1c668b6a3182
0x2ad3893735c4d09e2b422e771954a28290e6f9d643af77a737e11bd69566575c,2022-07-05 21:29:38,you_to_set,0xb6934215b856b03430fc8dc058bd1c668b6a3182,0.1,64.91,65.88,0x128c33c16ee6d337154d0996220a791d89aa0442,0xb6934215b856b03430fc8dc058bd1c668b6a3182
0x9175fd35b8afdb60543ca7135c8ef9f1d090d3d7e0eb0f482341260e603211b9,2022-06-22 6:42:31,you_to_set,0xb6934215b856b03430fc8dc058bd1c668b6a3182,0.05,32.46,32.94,0x128c33c16ee6d337154d0996220a791d89aa0442,0xb6934215b856b03430fc8dc058bd1c668b6a3182
0xdda68059fa065d8a9caabca57d2cdbd660106e4e56b4e6073a559297f62865d4,2022-06-22 5:24:40,you_to_set,0xb6934215b856b03430fc8dc058bd1c668b6a3182,0.2,129.89,131.76,0x128c33c16ee6d337154d0996220a791d89aa0442,0xb6934215b856b03430fc8dc058bd1c668b6a3182
0xa1389da2494e6836ccd514df0a54b03aca6aa64407026b47e5ad596f09c45411,2022-06-22 5:23:40,you_to_set,0xb6934215b856b03430fc8dc058bd1c668b6a3182,0,0.00,0.00,0x128c33c16ee6d337154d0996220a791d89aa0442,0xb6934215b856b03430fc8dc058bd1c668b6a3182
0x70a18a71d37bbfeed26df04ffa9f8e7851fcfe616e77045017923af1e519964d,2022-05-14 21:27:25,you_to_set,0xb6934215b856b03430fc8dc058bd1c668b6a3182,0.04850972,31.51,31.96,0x128c33c16ee6d337154d0996220a791d89aa0442,0xb6934215b856b03430fc8dc058bd1c668b6a3182
0x3a4b132950e9d7b82d3f010853c0a266b898fbd670505d26a0e3750813e606f1,2022-05-13 2:08:03,you_to_set,0xb6934215b856b03430fc8dc058bd1c668b6a3182,1.27,824.81,836.69,0x128c33c16ee6d337154d0996220a791d89aa0442,0xb6934215b856b03430fc8dc058bd1c668b6a3182
0x83e2d7a67183bb6cefcc2f05eb729facfac573fa445586a78bbb58dec96a46a4,2022-05-12 3:05:09,you_to_set,0xb6934215b856b03430fc8dc058bd1c668b6a3182,3.15,2045.80,2075.25,0x128c33c16ee6d337154d0996220a791d89aa0442,0xb6934215b856b03430fc8dc058bd1c668b6a3182
0x87bcf0ae01d127944832e93d0593436b3236b2dba5e640ed119fae323adaa205,2022-05-08 3:27:04,you_to_set,0xb6934215b856b03430fc8dc058bd1c668b6a3182,0.3,194.84,197.64,0x128c33c16ee6d337154d0996220a791d89aa0442,0xb6934215b856b03430fc8dc058bd1c668b6a3182
0x897f1ddb85b5da14175efba247641c010dbdc20375ee300a970bb967be237613,2022-05-06 22:38:43,you_to_set,0xb6934215b856b03430fc8dc058bd1c668b6a3182,0.13,84.39,85.65,0x128c33c16ee6d337154d0996220a791d89aa0442,0xb6934215b856b03430fc8dc058bd1c668b6a3182
0x4544b0164141757ca1de78b4fbeed61b7ac7d079d5fe68825ce0865cc54c89f5,2022-05-04 14:55:53,you_to_set,0xb6934215b856b03430fc8dc058bd1c668b6a3182,1,649.14,658.81,0x128c33c16ee6d337154d0996220a791d89aa0442,0xb6934215b856b03430fc8dc058bd1c668b6a3182
0xa415a4ec6260914205b4591285e86eed62ca24f317e10dbc03283bb2a205a1ae,2022-05-04 14:54:02,you_to_set,0xb6934215b856b03430fc8dc058bd1c668b6a3182,3.87,2512.17,2549.59,0x128c33c16ee6d337154d0996220a791d89aa0442,0xb6934215b856b03430fc8dc058bd1c668b6a3182
0x9411c7167e91e13056ae84ba2e43dec4adc4d1d080a301c2c930c70b0afa71ed,2022-04-29 16:16:17,you_to_set,0xb6934215b856b03430fc8dc058bd1c668b6a3182,0.003,1.95,1.98,0x128c33c16ee6d337154d0996220a791d89aa0442,0xb6934215b856b03430fc8dc058bd1c668b6a3182
0xfa3bc42e0a158b2307d17817f8e807f71ab2ad80638737da13e464e635a353dd,2022-04-04 12:53:48,you_to_set,0xb6934215b856b03430fc8dc058bd1c668b6a3182,2.69,1746.18,1772.20,0x128c33c16ee6d337154d0996220a791d89aa0442,0xb6934215b856b03430fc8dc058bd1c668b6a3182
0x214597ddba2fbb3d23bfaabfa69072708b5d11386e55ead7d2a92023de2b2535,2022-04-01 4:08:40,you_to_set,0xb6934215b856b03430fc8dc058bd1c668b6a3182,2.87868401,1868.67,1896.51,0x128c33c16ee6d337154d0996220a791d89aa0442,0xb6934215b856b03430fc8dc058bd1c668b6a3182
0x848d826fdfc68587fbc978d07947fedef410cd74c4c0f682ee17a9e922e75694,2022-02-26 22:17:08,you_to_set,0xb6934215b856b03430fc8dc058bd1c668b6a3182,0.035072882,22.77,23.11,0x128c33c16ee6d337154d0996220a791d89aa0442,0xb6934215b856b03430fc8dc058bd1c668b6a3182
0x2f4536b32bc835ba0aa747aec8cd61b461a8a436c1a7797cf8ec87fbaca2c97f,2022-02-26 12:29:23,you_to_set,0xb6934215b856b03430fc8dc058bd1c668b6a3182,0.05,32.46,32.94,0x128c33c16ee6d337154d0996220a791d89aa0442,0xb6934215b856b03430fc8dc058bd1c668b6a3182
0x07be42e1c61ce88bbb627005d613705269f8b9a2fd9cae701dc40ea77f90af8a,2022-02-25 23:41:37,you_to_set,0xb6934215b856b03430fc8dc058bd1c668b6a3182,0.03,19.47,19.76,0x128c33c16ee6d337154d0996220a791d89aa0442,0xb6934215b856b03430fc8dc058bd1c668b6a3182
