friendly_tag,address
1inch: Router V4,0x1111111254fb6c44bac0bed2854e76f90643097d
AnySwap: Bridge Avalanche,0xb1cb88b1a1992deb4189ea4f566b594c13392ada
Anyswap: Bridge Fantom,0x4b3b4120d4d7975455d8c2894228789c91a247f8
Anyswap: Polygon Bridge,0x171a9377c5013bb06bca8cfe22b9c007f2c319f1
Aster: Trading,0x1b6f2d3844c6ae7d56ceb3c3643b9060ba28feb0
Aster: Treasury,0x128463a60784c4d3f46c23af3f65ed859ba87974
BabySwap: BABY Token,0x53e562b9b7e5e94b81f10e96ee70ad06df3d2657
Beefy: BIFI Token,0xca3f508b8e4dd382ee878a314789373d80a5190a
Beefy: Staking Contract,0x453d4ba9a2d594314df88564248497f7d74d6b2c
Binance 47,0x3c783c21a0383057d128bae431894a5c19f9cf06
Binance 51,0x8894e0a0c962cb723c1976a4421c95949be2d4e3
Binance: BTCB Token,0x7130d2a12b9bcbfae4f2634d864a1ee1ce3ead9c
Binance: BUSD Stablecoin,0xe9e7cea3dedca5984780bafc599bd69add087d56
Binance: Hot Wallet 10,0xeb2d2f1b8c558a40207669291fda468e50c8a0bb
Binance: Hot Wallet 11,0x161ba15a5f335c9f06bb5bbb0a9ce14076fbb645
Binance: Hot Wallet 12,0x515b72ed8a97f42c568d6a143232775018f133c8
Binance: Hot Wallet 13,0xbd612a3f30dca67bf60a39fd0d35e39b7ab80774
Binance: Hot Wallet 16,0xa180fe01b906a1be37be6c534a3300785b20d947
Binance: Hot Wallet 17,0x29bdfbf7d27462a2d115748ace2bd71a2646946c
Binance: Hot Wallet 18,0x73f5ebe90f27b46ea12e5795d16c4b408b19cc6f
Binance: Hot Wallet 19,0x1fbe2acee135d991592f167ac371f3dd893a508b
Binance: Hot Wallet 23,0x01c952174c24e1210d26961d456a77a39e1f0bb0
Binance: Withdrawals 2,0xdccf3b77da55107280bd850ea519df3705d1a75a
Binance: Withdrawals 7,0xe2fc31f816a9b94326492132018c3aecc4a93ae1
Biswap: BSW Token,0x965f527d9159dce6288a2219db51fc6eef120dd1
Biswap: LP Contract 3,0xc7dc9343c90be0ea2af6776efe5e19b2734f8d0d
Biswap: Router,0x3a6d8ca21d1cf76f653a67577fa0d27453350dd8
Bitget 3,0x97b9d2102a9a65a26e1ee82d59e42d1b73b68689
BNB Chain: WBNB Token,0xbb4cdb9cbd36b01bd1cbaebf2de08d9173bc095c
Bogged Finance: Proxy,0xb099ed146fad4d0daa31e3810591fc0554af62bb
Bomb Crypto: BCOIN Token,0x00e1656e45f18ec6747f5a8496fd39b50b38396d
BOMB Money: BOMB Token,0x522348779dcb2911539e76a1042aa922f9c47ee3
BOMB Money: BSHARE Token,0x531780face85306877d7e1f05d713d1b50a37f7a
BUSD-T Stablecoin,0x55d398326f99059ff775485246999027b3197955
Chainlink : LINK Token,0xf8a0bf9cf54bb92f17374d9e9a321e6a111a51bd
Crypto Fight Club: FIGHT Token,0x4f39c3319188a723003670c3f9b9e7ef991e52f3
deBridge: Crosschain Forwarder Proxy,0x663dc15d3c1ac63ff12e45ab68fea3f0a883c251
Dibs.Money: DIBS Token,0xfd81ef21ea7cf1dc00e9c6dd261b4f3be0341d5c
Dibs.Money: DSHARE Token,0x26d3163b165be95137cee97241e716b2791a7572
Ethereum: ETH Token,0x2170ed0880ac9a755fd29b2688956bd959f933f8
Fantom: FTM Token,0xad29abb318791d579433d831ed122afeaf29dcfe
Justus Token: JTT Token,0xcdb3d3642fb4d48d2b5e4fb4a014448a2761c063
MetaMask: Gas Station 2,0xb01caea8c6c47bbf4f4b4c5080ca642043359c2e
Metamask: Swap Router,0x1a1ec25dc08e98e5e93f1104b5e5cdd298707d31
Multichain: Router V4,0xd1c5966f9f5ee6881ff6b261bbeda45972b1b5f3
MyShell: SHELL Token,0xf2c88757f8d03634671208935974b60a2a28bdb3
OKZOO: AIOT Token,0x55ad16bd573b3365f43a9daeb0cc66a73821b4a5
Orbital Swap: Router,0x6b45064f128ca5addbf79825186f4e3e3c9e7eb5
PancakeSwap V2: BCOIN 15,0x2eebe0c34da9ba65521e98cbaa7d97496d05f489
PancakeSwap V2: BSW 3,0x8ca3ff14a52b080c54a6d1a405eeca02959d39fe
PancakeSwap V2: Cake-DUET,0xbdf0aa1d1985caa357a6ac6661d838da8691c569
PancakeSwap V2: DIBS,0x9bebe118018d0de55b00787b5eeabb9eda8a9e0a
PancakeSwap V2: DSHARE,0x5998af8868e5e4fbd7c60da221b76b201e441612
PancakeSwap V2: ESHARE 4,0x1747af98ebf0b22d500014c7dd52985d736337d2
PancakeSwap V2: ETH-EMP 4,0x84821bb588f049913dc579dc511e5e31eb22d5e4
PancakeSwap V2: FIGHT-BUSD 4,0xb9378a7d4f47ac8cf78b4f18ed15a875ab0c89a1
PancakeSwap V3: Nonfungible Position Manager,0x46a15b0b27311cedf172ab29e4f4766fbe7f4364
PancakeSwap V3: Smart Router,0x13f4ea83d0bd40e75c8222255bc855a974568dd4
PancakeSwap: Auto CAKE Syrup Pool,0xa80240eb5d7e05d3f250cf000eec0891d00b51cc
PancakeSwap: CAKE Token,0x0e09fabb73bd3ade0a17ecc321fd13a19e81ce82
PancakeSwap: IFO Pool,0x1b2a2f6ed4a1401e8c73b4c2b6172455ce2f78e8
PancakeSwap: Main Staking Contract,0x73feaa1ee314f8c655e354234017be2193c9e24e
PancakeSwap: Prediction V2,0x18b2a687610328590bc8f2e5fedde3b582a49cda
PancakeSwap: Router v2,0x10ed43c718714eb63d5aa57b78b54704e256024e
Ripple: XRP Token,0x1d2f0da169ceb9fc7b3144628db156f3f6c60dbe
Safuu: Deployer,0xc38511a85d8fbf2c859e0bce7e831afd4b569939
Safuu: SAFUU Token,0xe5ba47fd94cb645ba4119222e34fb33f59c7cd90
SafuuGO: SGO Token,0x9321bc6185adc9b9cb503cc211e17cb311c3fa95
Solana: SOL Token,0x570a5d26f7765ecb712c0924e4de545b89fd43df
Staderlabs: BNBx Token,0x1bdd3cf7f79cfb8edbb955f20ad99211551ba275
USD Coin: USDC Token,0x8ac76a51cc950d9822d68b83fe1ad97b32cd580d
Valas Finance: VALAS Token,0xb1ebdd56729940089ecc3ad0bbeeb12b6842ea6f
Vetter: VETTER Token,0x6169b3b23e57de79a6146a2170980ceb1f83b9e0
Vitruveo Bridged VTRU (VTRU),0xb08504d245713ca9692c8fa605e76a0a11ed4955
Vulcan Forged PYR (PYR),0x936e203701c6f8b619fcf8bcba8ec0d4157f02a5
VulcanSwap: Vulcan Token (VULCAN),0xd7f7827507c49235a2a6c13ce07bac75ab183ea8
Wombat Exchange: WOM Token,0xad6742a35fb341a9cc6ad674738dd8da98b94fb1
YieldRobot Rug 2,0xb8cda6ae6d005d56205b29797add341c85e59608
